{
  "mu_s": [
    0.0016289178747683764,
    1.4471725225448608,
    0.0011803129455074668,
    0.9404743909835815,
    0.00015258774510584772,
    -0.00019028560200240463,
    0.000507500022649765,
    0.0005499999970197678
  ],
  "std_s": [
    0.42430761456489563,
    0.16069245338439941,
    1.0088053941726685,
    0.776792049407959,
    0.35737648606300354,
    0.14711329340934753,
    0.022517317906022072,
    0.023440195247530937
  ],
  "mu_ds": [
    -6.148303555164603e-07,
    2.1721973553212592e-07,
    -2.444036454107845e-06,
    3.3902326777024427e-06,
    8.388632295464049e-07,
    5.408267611528572e-07,
    0.0,
    0.0
  ],
  "std_ds": [
    0.08789651095867157,
    0.029764408245682716,
    0.1733095347881317,
    0.14754989743232727,
    0.06416718661785126,
    0.04293488711118698,
    0.019833633676171303,
    0.020331600680947304
  ],
  "mu_r": -6.164542281722263,
  "std_r": 9.217911937296504
}